<?xml version="1.0" encoding="UTF-8"?><module codename="org.openide.text">
    <module_version install_time="1334085438797" last="true" origin="installer" specification_version="6.43.3">
        <file crc="1795978028" name="config/Modules/org-openide-text.xml"/>
        <file crc="1400037001" name="modules/locale/org-openide-text_ja.jar"/>
        <file crc="3657726584" name="modules/locale/org-openide-text_pt_BR.jar"/>
        <file crc="3171612422" name="modules/locale/org-openide-text_ru.jar"/>
        <file crc="4011662933" name="modules/locale/org-openide-text_zh_CN.jar"/>
        <file crc="3179221338" name="modules/org-openide-text.jar"/>
    </module_version>
</module>
