<?xml version="1.0" encoding="UTF-8"?><module codename="org.netbeans.api.annotations.common/1">
    <module_version install_time="1334085469130" last="true" origin="installer" specification_version="1.11.1">
        <file crc="1285559856" name="config/Modules/org-netbeans-api-annotations-common.xml"/>
        <file crc="3454571765" name="modules/locale/org-netbeans-api-annotations-common_ja.jar"/>
        <file crc="1125808150" name="modules/locale/org-netbeans-api-annotations-common_pt_BR.jar"/>
        <file crc="2457189533" name="modules/locale/org-netbeans-api-annotations-common_ru.jar"/>
        <file crc="4050772408" name="modules/locale/org-netbeans-api-annotations-common_zh_CN.jar"/>
        <file crc="2076453582" name="modules/org-netbeans-api-annotations-common.jar"/>
    </module_version>
</module>
