<?xml version="1.0" encoding="UTF-8"?><module codename="org.netbeans.api.progress/1">
    <module_version install_time="1334085427230" last="true" origin="installer" specification_version="1.26.1">
        <file crc="1605883752" name="config/Modules/org-netbeans-api-progress.xml"/>
        <file crc="822051189" name="modules/locale/org-netbeans-api-progress_ja.jar"/>
        <file crc="3317200017" name="modules/locale/org-netbeans-api-progress_pt_BR.jar"/>
        <file crc="43193611" name="modules/locale/org-netbeans-api-progress_ru.jar"/>
        <file crc="3552158210" name="modules/locale/org-netbeans-api-progress_zh_CN.jar"/>
        <file crc="303013974" name="modules/org-netbeans-api-progress.jar"/>
    </module_version>
</module>
