<?xml version="1.0" encoding="UTF-8"?><module codename="org.openide.actions">
    <module_version install_time="1334085479139" last="true" origin="installer" specification_version="6.24.1">
        <file crc="3556488737" name="config/Modules/org-openide-actions.xml"/>
        <file crc="585925572" name="modules/locale/org-openide-actions_ja.jar"/>
        <file crc="2690351140" name="modules/locale/org-openide-actions_pt_BR.jar"/>
        <file crc="4031363414" name="modules/locale/org-openide-actions_ru.jar"/>
        <file crc="857325160" name="modules/locale/org-openide-actions_zh_CN.jar"/>
        <file crc="2750967877" name="modules/org-openide-actions.jar"/>
    </module_version>
</module>
