<?xml version="1.0" encoding="UTF-8"?><module codename="org.netbeans.core.ui/1">
    <module_version install_time="1334085457724" last="true" origin="installer" specification_version="1.29.1">
        <file crc="3186674130" name="config/Modules/org-netbeans-core-ui.xml"/>
        <file crc="4091107505" name="modules/locale/org-netbeans-core-ui_ja.jar"/>
        <file crc="3628337158" name="modules/locale/org-netbeans-core-ui_pt_BR.jar"/>
        <file crc="1978198110" name="modules/locale/org-netbeans-core-ui_ru.jar"/>
        <file crc="2000422258" name="modules/locale/org-netbeans-core-ui_zh_CN.jar"/>
        <file crc="1186727994" name="modules/org-netbeans-core-ui.jar"/>
    </module_version>
</module>
