<?xml version="1.0" encoding="UTF-8"?><module codename="org.openide.io">
    <module_version install_time="1334085406843" last="true" origin="installer" specification_version="1.29.1">
        <file crc="3834804485" name="config/Modules/org-openide-io.xml"/>
        <file crc="2141734331" name="modules/locale/org-openide-io_ja.jar"/>
        <file crc="772695193" name="modules/locale/org-openide-io_pt_BR.jar"/>
        <file crc="2344282922" name="modules/locale/org-openide-io_ru.jar"/>
        <file crc="1620354816" name="modules/locale/org-openide-io_zh_CN.jar"/>
        <file crc="346161021" name="modules/org-openide-io.jar"/>
    </module_version>
</module>
