<?xml version="1.0" encoding="UTF-8"?><module codename="org.openide.dialogs">
    <module_version install_time="1334085456305" last="true" origin="installer" specification_version="7.23.1">
        <file crc="807629635" name="config/Modules/org-openide-dialogs.xml"/>
        <file crc="2285583580" name="modules/locale/org-openide-dialogs_ja.jar"/>
        <file crc="969165247" name="modules/locale/org-openide-dialogs_pt_BR.jar"/>
        <file crc="947325110" name="modules/locale/org-openide-dialogs_ru.jar"/>
        <file crc="1543584851" name="modules/locale/org-openide-dialogs_zh_CN.jar"/>
        <file crc="2569440824" name="modules/org-openide-dialogs.jar"/>
    </module_version>
</module>
