<?xml version="1.0" encoding="UTF-8"?><module codename="org.netbeans.modules.queries/1">
    <module_version install_time="1334085421498" last="true" origin="installer" specification_version="1.25.1">
        <file crc="4168841736" name="config/Modules/org-netbeans-modules-queries.xml"/>
        <file crc="3352112701" name="modules/locale/org-netbeans-modules-queries_ja.jar"/>
        <file crc="2348903578" name="modules/locale/org-netbeans-modules-queries_pt_BR.jar"/>
        <file crc="977395105" name="modules/locale/org-netbeans-modules-queries_ru.jar"/>
        <file crc="2046604945" name="modules/locale/org-netbeans-modules-queries_zh_CN.jar"/>
        <file crc="1787161946" name="modules/org-netbeans-modules-queries.jar"/>
    </module_version>
</module>
