<?xml version="1.0" encoding="UTF-8"?><module codename="org.netbeans.core.netigso">
    <module_version install_time="1334085483317" last="true" origin="installer" specification_version="1.12.2">
        <file crc="3723901005" name="config/Modules/org-netbeans-core-netigso.xml"/>
        <file crc="3006312703" name="modules/locale/org-netbeans-core-netigso_ja.jar"/>
        <file crc="203270227" name="modules/locale/org-netbeans-core-netigso_pt_BR.jar"/>
        <file crc="4019721535" name="modules/locale/org-netbeans-core-netigso_ru.jar"/>
        <file crc="2269027593" name="modules/locale/org-netbeans-core-netigso_zh_CN.jar"/>
        <file crc="3534343832" name="modules/org-netbeans-core-netigso.jar"/>
    </module_version>
</module>
