<?xml version="1.0" encoding="UTF-8"?><module codename="org.netbeans.modules.editor.mimelookup/1">
    <module_version install_time="1334085412690" last="true" origin="installer" specification_version="1.24.1">
        <file crc="244035803" name="config/Modules/org-netbeans-modules-editor-mimelookup.xml"/>
        <file crc="2832196755" name="modules/locale/org-netbeans-modules-editor-mimelookup_ja.jar"/>
        <file crc="3775773783" name="modules/locale/org-netbeans-modules-editor-mimelookup_pt_BR.jar"/>
        <file crc="3515966444" name="modules/locale/org-netbeans-modules-editor-mimelookup_ru.jar"/>
        <file crc="1390360222" name="modules/locale/org-netbeans-modules-editor-mimelookup_zh_CN.jar"/>
        <file crc="1344352586" name="modules/org-netbeans-modules-editor-mimelookup.jar"/>
    </module_version>
</module>
