<?xml version="1.0" encoding="UTF-8"?><module codename="org.netbeans.swing.tabcontrol">
    <module_version install_time="1334085428694" last="true" origin="installer" specification_version="1.29.1">
        <file crc="327432460" name="config/Modules/org-netbeans-swing-tabcontrol.xml"/>
        <file crc="2508051131" name="modules/locale/org-netbeans-swing-tabcontrol_ja.jar"/>
        <file crc="851852962" name="modules/locale/org-netbeans-swing-tabcontrol_pt_BR.jar"/>
        <file crc="120090050" name="modules/locale/org-netbeans-swing-tabcontrol_ru.jar"/>
        <file crc="648805899" name="modules/locale/org-netbeans-swing-tabcontrol_zh_CN.jar"/>
        <file crc="1880016905" name="modules/org-netbeans-swing-tabcontrol.jar"/>
    </module_version>
</module>
