<?xml version="1.0" encoding="UTF-8"?><module codename="org.netbeans.modules.masterfs/2">
    <module_version install_time="1334085417142" last="true" origin="installer" specification_version="2.34.2">
        <file crc="1644917168" name="config/Modules/org-netbeans-modules-masterfs.xml"/>
        <file crc="4112674416" name="modules/locale/org-netbeans-modules-masterfs_ja.jar"/>
        <file crc="2847055677" name="modules/locale/org-netbeans-modules-masterfs_pt_BR.jar"/>
        <file crc="4270683124" name="modules/locale/org-netbeans-modules-masterfs_ru.jar"/>
        <file crc="1614102321" name="modules/locale/org-netbeans-modules-masterfs_zh_CN.jar"/>
        <file crc="1219767313" name="modules/org-netbeans-modules-masterfs.jar"/>
    </module_version>
</module>
