<?xml version="1.0" encoding="UTF-8"?><module codename="org.netbeans.core.output2/1">
    <module_version install_time="1334085414207" last="true" origin="installer" specification_version="1.24.2">
        <file crc="1198063063" name="config/Modules/org-netbeans-core-output2.xml"/>
        <file crc="2986070573" name="modules/locale/org-netbeans-core-output2_ja.jar"/>
        <file crc="1116582609" name="modules/locale/org-netbeans-core-output2_pt_BR.jar"/>
        <file crc="3577280490" name="modules/locale/org-netbeans-core-output2_ru.jar"/>
        <file crc="1791248002" name="modules/locale/org-netbeans-core-output2_zh_CN.jar"/>
        <file crc="432662318" name="modules/org-netbeans-core-output2.jar"/>
    </module_version>
</module>
