<?xml version="1.0" encoding="UTF-8"?><module codename="org.openide.nodes">
    <module_version install_time="1334085470547" last="true" origin="installer" specification_version="7.25.1">
        <file crc="3092369940" name="config/Modules/org-openide-nodes.xml"/>
        <file crc="1767870289" name="modules/locale/org-openide-nodes_ja.jar"/>
        <file crc="4261039241" name="modules/locale/org-openide-nodes_pt_BR.jar"/>
        <file crc="1073469473" name="modules/locale/org-openide-nodes_ru.jar"/>
        <file crc="887511164" name="modules/locale/org-openide-nodes_zh_CN.jar"/>
        <file crc="590092006" name="modules/org-openide-nodes.jar"/>
    </module_version>
</module>
