<?xml version="1.0" encoding="UTF-8"?><module codename="org.netbeans.modules.progress.ui">
    <module_version install_time="1334085452082" last="true" origin="installer" specification_version="1.18.1">
        <file crc="3222128542" name="config/Modules/org-netbeans-modules-progress-ui.xml"/>
        <file crc="3551738766" name="modules/locale/org-netbeans-modules-progress-ui_ja.jar"/>
        <file crc="2041801402" name="modules/locale/org-netbeans-modules-progress-ui_pt_BR.jar"/>
        <file crc="524657816" name="modules/locale/org-netbeans-modules-progress-ui_ru.jar"/>
        <file crc="2033908331" name="modules/locale/org-netbeans-modules-progress-ui_zh_CN.jar"/>
        <file crc="2298419113" name="modules/org-netbeans-modules-progress-ui.jar"/>
    </module_version>
</module>
