<?xml version="1.0" encoding="UTF-8"?><module codename="org.netbeans.modules.options.keymap">
    <module_version install_time="1334085472040" last="true" origin="installer" specification_version="1.16.1">
        <file crc="2363851279" name="config/Modules/org-netbeans-modules-options-keymap.xml"/>
        <file crc="1599275728" name="modules/locale/org-netbeans-modules-options-keymap_ja.jar"/>
        <file crc="3257697692" name="modules/locale/org-netbeans-modules-options-keymap_pt_BR.jar"/>
        <file crc="1812531446" name="modules/locale/org-netbeans-modules-options-keymap_ru.jar"/>
        <file crc="1024919420" name="modules/locale/org-netbeans-modules-options-keymap_zh_CN.jar"/>
        <file crc="432052149" name="modules/org-netbeans-modules-options-keymap.jar"/>
    </module_version>
</module>
