<?xml version="1.0" encoding="UTF-8"?><module codename="org.openide.windows">
    <module_version install_time="1334085446196" last="true" origin="installer" specification_version="6.48.2">
        <file crc="3877728110" name="config/Modules/org-openide-windows.xml"/>
        <file crc="2733036149" name="modules/locale/org-openide-windows_ja.jar"/>
        <file crc="2970606105" name="modules/locale/org-openide-windows_pt_BR.jar"/>
        <file crc="2354337256" name="modules/locale/org-openide-windows_ru.jar"/>
        <file crc="531152776" name="modules/locale/org-openide-windows_zh_CN.jar"/>
        <file crc="2280798157" name="modules/org-openide-windows.jar"/>
    </module_version>
</module>
