<?xml version="1.0" encoding="UTF-8"?><module codename="org.netbeans.modules.sendopts/2">
    <module_version install_time="1334085447661" last="true" origin="installer" specification_version="2.15.1">
        <file crc="3090052921" name="config/Modules/org-netbeans-modules-sendopts.xml"/>
        <file crc="1560208965" name="modules/locale/org-netbeans-modules-sendopts_ja.jar"/>
        <file crc="1111276193" name="modules/locale/org-netbeans-modules-sendopts_pt_BR.jar"/>
        <file crc="3738865214" name="modules/locale/org-netbeans-modules-sendopts_ru.jar"/>
        <file crc="3259509265" name="modules/locale/org-netbeans-modules-sendopts_zh_CN.jar"/>
        <file crc="1777213191" name="modules/org-netbeans-modules-sendopts.jar"/>
    </module_version>
</module>
