<?xml version="1.0" encoding="UTF-8"?><module codename="org.openide.awt">
    <module_version install_time="1334085486264" last="true" origin="installer" specification_version="7.39.1">
        <file crc="3208246121" name="config/Modules/org-openide-awt.xml"/>
        <file crc="4038752463" name="modules/locale/org-openide-awt_ja.jar"/>
        <file crc="1666299983" name="modules/locale/org-openide-awt_pt_BR.jar"/>
        <file crc="1412861515" name="modules/locale/org-openide-awt_ru.jar"/>
        <file crc="1971241048" name="modules/locale/org-openide-awt_zh_CN.jar"/>
        <file crc="3956992531" name="modules/org-openide-awt.jar"/>
    </module_version>
</module>
