<?xml version="1.0" encoding="UTF-8"?><module codename="org.netbeans.modules.netbinox">
    <module_version install_time="1334085434440" last="true" origin="installer" specification_version="1.24.1">
        <file crc="3482404302" name="config/Modules/org-netbeans-modules-netbinox.xml"/>
        <file crc="2182842435" name="modules/ext/org.eclipse.osgi_3.6.0.v20100517.jar"/>
        <file crc="17090708" name="modules/locale/org-netbeans-modules-netbinox_ja.jar"/>
        <file crc="3071120429" name="modules/locale/org-netbeans-modules-netbinox_pt_BR.jar"/>
        <file crc="1003755759" name="modules/locale/org-netbeans-modules-netbinox_ru.jar"/>
        <file crc="1710768441" name="modules/locale/org-netbeans-modules-netbinox_zh_CN.jar"/>
        <file crc="1163284584" name="modules/org-netbeans-modules-netbinox.jar"/>
    </module_version>
</module>
